Date,State,Cases,Deaths,Population_State,%PopInfected
3/17/20,AL,39,0,4903185,0.00
3/18/20,AL,51,0,4903185,0.00
3/19/20,AL,78,0,4903185,0.00
3/20/20,AL,106,0,4903185,0.00
3/21/20,AL,131,0,4903185,0.00
3/22/20,AL,157,0,4903185,0.00
3/23/20,AL,196,0,4903185,0.00
3/24/20,AL,242,0,4903185,0.00
3/25/20,AL,386,1,4903185,0.01
3/26/20,AL,538,3,4903185,0.01
3/27/20,AL,639,4,4903185,0.01
3/28/20,AL,720,4,4903185,0.01
3/29/20,AL,830,5,4903185,0.02
3/30/20,AL,947,11,4903185,0.02
3/31/20,AL,999,13,4903185,0.02
4/1/20,AL,1106,28,4903185,0.02
4/2/20,AL,1270,32,4903185,0.03
4/3/20,AL,1535,38,4903185,0.03
4/4/20,AL,1633,44,4903185,0.03
4/5/20,AL,1841,45,4903185,0.04
4/6/20,AL,2006,53,4903185,0.04
4/7/20,AL,2197,64,4903185,0.04
4/8/20,AL,2499,67,4903185,0.05
4/9/20,AL,2838,78,4903185,0.06
4/10/20,AL,3008,80,4903185,0.06
4/11/20,AL,3262,93,4903185,0.07
4/12/20,AL,3583,93,4903185,0.07
4/13/20,AL,3805,104,4903185,0.08
4/14/20,AL,3953,114,4903185,0.08
4/15/20,AL,4241,123,4903185,0.09
4/16/20,AL,4404,137,4903185,0.09
3/17/20,AK,6,0,731545,0.00
3/18/20,AK,9,0,731545,0.00
3/19/20,AK,12,0,731545,0.00
3/20/20,AK,14,0,731545,0.00
3/21/20,AK,21,0,731545,0.00
3/22/20,AK,22,0,731545,0.00
3/23/20,AK,36,0,731545,0.00
3/24/20,AK,42,0,731545,0.01
3/25/20,AK,59,0,731545,0.01
3/26/20,AK,69,0,731545,0.01
3/27/20,AK,85,1,731545,0.01
3/28/20,AK,102,1,731545,0.01
3/29/20,AK,114,1,731545,0.02
3/30/20,AK,119,2,731545,0.02
3/31/20,AK,133,2,731545,0.02
4/1/20,AK,143,2,731545,0.02
4/2/20,AK,146,2,731545,0.02
4/3/20,AK,156,2,731545,0.02
4/4/20,AK,169,3,731545,0.02
4/5/20,AK,185,4,731545,0.03
4/6/20,AK,189,4,731545,0.03
4/7/20,AK,211,4,731545,0.03
4/8/20,AK,224,5,731545,0.03
4/9/20,AK,233,5,731545,0.03
4/10/20,AK,244,5,731545,0.03
4/11/20,AK,255,6,731545,0.03
4/12/20,AK,270,6,731545,0.04
4/13/20,AK,275,6,731545,0.04
4/14/20,AK,283,7,731545,0.04
4/15/20,AK,291,7,731545,0.04
4/16/20,AK,298,7,731545,0.04
3/17/20,AZ,20,0,7278717,0.00
3/18/20,AZ,28,0,7278717,0.00
3/19/20,AZ,47,0,7278717,0.00
3/20/20,AZ,70,1,7278717,0.00
3/21/20,AZ,104,1,7278717,0.00
3/22/20,AZ,153,2,7278717,0.00
3/23/20,AZ,234,2,7278717,0.00
3/24/20,AZ,326,6,7278717,0.00
3/25/20,AZ,402,6,7278717,0.01
3/26/20,AZ,508,8,7278717,0.01
3/27/20,AZ,665,15,7278717,0.01
3/28/20,AZ,773,15,7278717,0.01
3/29/20,AZ,929,18,7278717,0.01
3/30/20,AZ,1169,20,7278717,0.02
3/31/20,AZ,1298,24,7278717,0.02
4/1/20,AZ,1413,29,7278717,0.02
4/2/20,AZ,1600,35,7278717,0.02
4/3/20,AZ,1769,41,7278717,0.02
4/4/20,AZ,2019,53,7278717,0.03
4/5/20,AZ,2269,64,7278717,0.03
4/6/20,AZ,2465,67,7278717,0.03
4/7/20,AZ,2575,77,7278717,0.04
4/8/20,AZ,2726,80,7278717,0.04
4/9/20,AZ,3018,89,7278717,0.04
4/10/20,AZ,3112,97,7278717,0.04
4/11/20,AZ,3393,112,7278717,0.05
4/12/20,AZ,3539,117,7278717,0.05
4/13/20,AZ,3702,122,7278717,0.05
4/14/20,AZ,3806,131,7278717,0.05
4/15/20,AZ,3962,142,7278717,0.05
4/16/20,AZ,4234,152,7278717,0.06
3/17/20,AR,22,0,3017804,0.00
3/18/20,AR,33,0,3017804,0.00
3/19/20,AR,62,0,3017804,0.00
3/20/20,AR,100,0,3017804,0.00
3/21/20,AR,118,0,3017804,0.00
3/22/20,AR,165,0,3017804,0.01
3/23/20,AR,201,0,3017804,0.01
3/24/20,AR,232,2,3017804,0.01
3/25/20,AR,308,2,3017804,0.01
3/26/20,AR,351,3,3017804,0.01
3/27/20,AR,386,3,3017804,0.01
3/28/20,AR,409,5,3017804,0.01
3/29/20,AR,449,6,3017804,0.01
3/30/20,AR,508,7,3017804,0.02
3/31/20,AR,564,8,3017804,0.02
4/1/20,AR,624,10,3017804,0.02
4/2/20,AR,683,12,3017804,0.02
4/3/20,AR,738,12,3017804,0.02
4/4/20,AR,743,14,3017804,0.02
4/5/20,AR,853,16,3017804,0.03
4/6/20,AR,927,16,3017804,0.03
4/7/20,AR,997,18,3017804,0.03
4/8/20,AR,1077,18,3017804,0.04
4/9/20,AR,1146,21,3017804,0.04
4/10/20,AR,1202,24,3017804,0.04
4/11/20,AR,1228,25,3017804,0.04
4/12/20,AR,1280,27,3017804,0.04
4/13/20,AR,1475,30,3017804,0.05
4/14/20,AR,1498,32,3017804,0.05
4/15/20,AR,1599,34,3017804,0.05
4/16/20,AR,1620,37,3017804,0.05
3/17/20,CA,732,14,39512223,0.00
3/18/20,CA,893,17,39512223,0.00
3/19/20,CA,1067,19,39512223,0.00
3/20/20,CA,1283,24,39512223,0.00
3/21/20,CA,1544,28,39512223,0.00
3/22/20,CA,1851,35,39512223,0.00
3/23/20,CA,2240,39,39512223,0.01
3/24/20,CA,2644,52,39512223,0.01
3/25/20,CA,3183,67,39512223,0.01
3/26/20,CA,4060,82,39512223,0.01
3/27/20,CA,4914,102,39512223,0.01
3/28/20,CA,5565,121,39512223,0.01
3/29/20,CA,6266,130,39512223,0.02
3/30/20,CA,7421,146,39512223,0.02
3/31/20,CA,8582,183,39512223,0.02
4/1/20,CA,9816,212,39512223,0.02
4/2/20,CA,11190,247,39512223,0.03
4/3/20,CA,12569,282,39512223,0.03
4/4/20,CA,13796,323,39512223,0.03
4/5/20,CA,15076,349,39512223,0.04
4/6/20,CA,16284,386,39512223,0.04
4/7/20,CA,17540,447,39512223,0.04
4/8/20,CA,19043,506,39512223,0.05
4/9/20,CA,20191,548,39512223,0.05
4/10/20,CA,21366,594,39512223,0.05
4/11/20,CA,22421,632,39512223,0.06
4/12/20,CA,23323,676,39512223,0.06
4/13/20,CA,24334,725,39512223,0.06
4/14/20,CA,25758,778,39512223,0.07
4/15/20,CA,27107,885,39512223,0.07
4/16/20,CA,28142,971,39512223,0.07
3/17/20,CO,183,3,5758736,0.00
3/18/20,CO,216,3,5758736,0.00
3/19/20,CO,278,5,5758736,0.00
3/20/20,CO,364,5,5758736,0.01
3/21/20,CO,475,6,5758736,0.01
3/22/20,CO,591,7,5758736,0.01
3/23/20,CO,721,10,5758736,0.01
3/24/20,CO,912,11,5758736,0.02
3/25/20,CO,1086,19,5758736,0.02
3/26/20,CO,1432,24,5758736,0.02
3/27/20,CO,1735,31,5758736,0.03
3/28/20,CO,2061,44,5758736,0.04
3/29/20,CO,2315,47,5758736,0.04
3/30/20,CO,2628,51,5758736,0.05
3/31/20,CO,2990,69,5758736,0.05
4/1/20,CO,3346,80,5758736,0.06
4/2/20,CO,3728,96,5758736,0.06
4/3/20,CO,4182,110,5758736,0.07
4/4/20,CO,4574,126,5758736,0.08
4/5/20,CO,4950,140,5758736,0.09
4/6/20,CO,5172,150,5758736,0.09
4/7/20,CO,5429,179,5758736,0.09
4/8/20,CO,5655,192,5758736,0.10
4/9/20,CO,6202,227,5758736,0.11
4/10/20,CO,6510,253,5758736,0.11
4/11/20,CO,6893,274,5758736,0.12
4/12/20,CO,7303,290,5758736,0.13
4/13/20,CO,7691,308,5758736,0.13
4/14/20,CO,7941,329,5758736,0.14
4/15/20,CO,8280,355,5758736,0.14
4/16/20,CO,8675,355,5758736,0.15
3/17/20,CT,68,0,3565287,0.00
3/18/20,CT,96,1,3565287,0.00
3/19/20,CT,159,4,3565287,0.00
3/20/20,CT,194,4,3565287,0.01
3/21/20,CT,223,5,3565287,0.01
3/22/20,CT,327,8,3565287,0.01
3/23/20,CT,415,10,3565287,0.01
3/24/20,CT,618,12,3565287,0.02
3/25/20,CT,875,19,3565287,0.02
3/26/20,CT,1012,21,3565287,0.03
3/27/20,CT,1291,27,3565287,0.04
3/28/20,CT,1524,33,3565287,0.04
3/29/20,CT,1993,34,3565287,0.06
3/30/20,CT,2571,36,3565287,0.07
3/31/20,CT,3128,69,3565287,0.09
4/1/20,CT,3557,85,3565287,0.10
4/2/20,CT,3824,112,3565287,0.11
4/3/20,CT,4915,132,3565287,0.14
4/4/20,CT,5276,165,3565287,0.15
4/5/20,CT,5675,189,3565287,0.16
4/6/20,CT,6906,206,3565287,0.19
4/7/20,CT,7781,277,3565287,0.22
4/8/20,CT,8781,335,3565287,0.25
4/9/20,CT,9784,380,3565287,0.27
4/10/20,CT,10538,448,3565287,0.30
4/11/20,CT,11510,494,3565287,0.32
4/12/20,CT,12035,554,3565287,0.34
4/13/20,CT,13381,602,3565287,0.38
4/14/20,CT,13989,671,3565287,0.39
4/15/20,CT,14755,868,3565287,0.41
4/16/20,CT,15884,971,3565287,0.45
3/17/20,DE,16,0,973764,0.00
3/18/20,DE,26,0,973764,0.00
3/19/20,DE,30,0,973764,0.00
3/20/20,DE,39,0,973764,0.00
3/21/20,DE,45,0,973764,0.00
3/22/20,DE,56,0,973764,0.01
3/23/20,DE,87,0,973764,0.01
3/24/20,DE,104,0,973764,0.01
3/25/20,DE,119,0,973764,0.01
3/26/20,DE,143,1,973764,0.01
3/27/20,DE,165,2,973764,0.02
3/28/20,DE,214,5,973764,0.02
3/29/20,DE,232,6,973764,0.02
3/30/20,DE,264,7,973764,0.03
3/31/20,DE,319,10,973764,0.03
4/1/20,DE,368,11,973764,0.04
4/2/20,DE,393,12,973764,0.04
4/3/20,DE,450,14,973764,0.05
4/4/20,DE,593,14,973764,0.06
4/5/20,DE,673,14,973764,0.07
4/6/20,DE,783,15,973764,0.08
4/7/20,DE,928,16,973764,0.10
4/8/20,DE,1116,19,973764,0.11
4/9/20,DE,1209,23,973764,0.12
4/10/20,DE,1326,32,973764,0.14
4/11/20,DE,1479,33,973764,0.15
4/12/20,DE,1625,35,973764,0.17
4/13/20,DE,1761,41,973764,0.18
4/14/20,DE,1926,43,973764,0.20
4/15/20,DE,2014,46,973764,0.21
4/16/20,DE,2075,52,973764,0.21
3/17/20,FL,210,6,21477737,0.00
3/18/20,FL,326,7,21477737,0.00
3/19/20,FL,434,8,21477737,0.00
3/20/20,FL,564,9,21477737,0.00
3/21/20,FL,764,11,21477737,0.00
3/22/20,FL,1000,13,21477737,0.00
3/23/20,FL,1222,18,21477737,0.01
3/24/20,FL,1467,19,21477737,0.01
3/25/20,FL,1965,23,21477737,0.01
3/26/20,FL,2477,29,21477737,0.01
3/27/20,FL,3198,46,21477737,0.01
3/28/20,FL,4038,56,21477737,0.02
3/29/20,FL,4942,59,21477737,0.02
3/30/20,FL,5694,71,21477737,0.03
3/31/20,FL,6741,85,21477737,0.03
4/1/20,FL,7765,100,21477737,0.04
4/2/20,FL,9000,144,21477737,0.04
4/3/20,FL,10260,169,21477737,0.05
4/4/20,FL,11537,194,21477737,0.05
4/5/20,FL,12342,220,21477737,0.06
4/6/20,FL,13621,253,21477737,0.06
4/7/20,FL,14739,295,21477737,0.07
4/8/20,FL,15690,322,21477737,0.07
4/9/20,FL,16819,370,21477737,0.08
4/10/20,FL,17960,418,21477737,0.08
4/11/20,FL,18978,445,21477737,0.09
4/12/20,FL,19855,460,21477737,0.09
4/13/20,FL,21011,498,21477737,0.10
4/14/20,FL,21620,570,21477737,0.10
4/15/20,FL,22526,613,21477737,0.10
4/16/20,FL,23332,667,21477737,0.11
3/17/20,GA,142,1,10617423,0.00
3/18/20,GA,193,3,10617423,0.00
3/19/20,GA,282,10,10617423,0.00
3/20/20,GA,482,14,10617423,0.00
3/21/20,GA,552,20,10617423,0.01
3/22/20,GA,620,25,10617423,0.01
3/23/20,GA,800,25,10617423,0.01
3/24/20,GA,1097,38,10617423,0.01
3/25/20,GA,1387,47,10617423,0.01
3/26/20,GA,1643,56,10617423,0.02
3/27/20,GA,2198,64,10617423,0.02
3/28/20,GA,2447,79,10617423,0.02
3/29/20,GA,2683,83,10617423,0.03
3/30/20,GA,3032,102,10617423,0.03
3/31/20,GA,4117,125,10617423,0.04
4/1/20,GA,4748,154,10617423,0.04
4/2/20,GA,5444,176,10617423,0.05
4/3/20,GA,5967,198,10617423,0.06
4/4/20,GA,6383,208,10617423,0.06
4/5/20,GA,6742,219,10617423,0.06
4/6/20,GA,7558,294,10617423,0.07
4/7/20,GA,9156,348,10617423,0.09
4/8/20,GA,10204,370,10617423,0.10
4/9/20,GA,10885,412,10617423,0.10
4/10/20,GA,11859,425,10617423,0.11
4/11/20,GA,12261,432,10617423,0.12
4/12/20,GA,12103,438,10617423,0.11
4/13/20,GA,13125,479,10617423,0.12
4/14/20,GA,13913,517,10617423,0.13
4/15/20,GA,14583,569,10617423,0.14
4/16/20,GA,15644,611,10617423,0.15
3/17/20,HI,14,0,1415872,0.00
3/18/20,HI,16,0,1415872,0.00
3/19/20,HI,26,0,1415872,0.00
3/20/20,HI,37,0,1415872,0.00
3/21/20,HI,48,0,1415872,0.00
3/22/20,HI,56,0,1415872,0.00
3/23/20,HI,77,0,1415872,0.01
3/24/20,HI,90,0,1415872,0.01
3/25/20,HI,95,0,1415872,0.01
3/26/20,HI,106,0,1415872,0.01
3/27/20,HI,120,0,1415872,0.01
3/28/20,HI,151,0,1415872,0.01
3/29/20,HI,175,0,1415872,0.01
3/30/20,HI,204,0,1415872,0.01
3/31/20,HI,224,1,1415872,0.02
4/1/20,HI,258,1,1415872,0.02
4/2/20,HI,283,2,1415872,0.02
4/3/20,HI,317,3,1415872,0.02
4/4/20,HI,349,3,1415872,0.02
4/5/20,HI,369,4,1415872,0.03
4/6/20,HI,385,5,1415872,0.03
4/7/20,HI,408,5,1415872,0.03
4/8/20,HI,433,5,1415872,0.03
4/9/20,HI,440,6,1415872,0.03
4/10/20,HI,463,8,1415872,0.03
4/11/20,HI,484,8,1415872,0.03
4/12/20,HI,497,9,1415872,0.04
4/13/20,HI,502,9,1415872,0.04
4/14/20,HI,511,9,1415872,0.04
4/15/20,HI,524,9,1415872,0.04
4/16/20,HI,535,9,1415872,0.04
3/17/20,ID,9,0,1787065,0.00
3/18/20,ID,11,0,1787065,0.00
3/19/20,ID,23,0,1787065,0.00
3/20/20,ID,31,0,1787065,0.00
3/21/20,ID,42,0,1787065,0.00
3/22/20,ID,47,0,1787065,0.00
3/23/20,ID,50,0,1787065,0.00
3/24/20,ID,73,0,1787065,0.00
3/25/20,ID,123,0,1787065,0.01
3/26/20,ID,189,3,1787065,0.01
3/27/20,ID,231,4,1787065,0.01
3/28/20,ID,261,5,1787065,0.01
3/29/20,ID,310,6,1787065,0.02
3/30/20,ID,415,7,1787065,0.02
3/31/20,ID,526,9,1787065,0.03
4/1/20,ID,669,9,1787065,0.04
4/2/20,ID,891,9,1787065,0.05
4/3/20,ID,1013,10,1787065,0.06
4/4/20,ID,1077,10,1787065,0.06
4/5/20,ID,1101,10,1787065,0.06
4/6/20,ID,1170,13,1787065,0.07
4/7/20,ID,1210,15,1787065,0.07
4/8/20,ID,1232,19,1787065,0.07
4/9/20,ID,1353,24,1787065,0.08
4/10/20,ID,1397,25,1787065,0.08
4/11/20,ID,1407,27,1787065,0.08
4/12/20,ID,1426,27,1787065,0.08
4/13/20,ID,1453,33,1787065,0.08
4/14/20,ID,1464,39,1787065,0.08
4/15/20,ID,1507,41,1787065,0.08
4/16/20,ID,1528,41,1787065,0.09
3/17/20,IL,159,1,12671821,0.00
3/18/20,IL,286,1,12671821,0.00
3/19/20,IL,420,4,12671821,0.00
3/20/20,IL,583,5,12671821,0.00
3/21/20,IL,751,6,12671821,0.01
3/22/20,IL,1047,9,12671821,0.01
3/23/20,IL,1285,12,12671821,0.01
3/24/20,IL,1535,16,12671821,0.01
3/25/20,IL,1875,21,12671821,0.01
3/26/20,IL,2538,26,12671821,0.02
3/27/20,IL,3029,37,12671821,0.02
3/28/20,IL,3547,50,12671821,0.03
3/29/20,IL,4613,70,12671821,0.04
3/30/20,IL,5070,84,12671821,0.04
3/31/20,IL,5994,107,12671821,0.05
4/1/20,IL,6980,146,12671821,0.06
4/2/20,IL,7695,165,12671821,0.06
4/3/20,IL,8904,211,12671821,0.07
4/4/20,IL,10357,248,12671821,0.08
4/5/20,IL,11276,282,12671821,0.09
4/6/20,IL,12262,309,12671821,0.10
4/7/20,IL,13549,384,12671821,0.11
4/8/20,IL,15078,464,12671821,0.12
4/9/20,IL,16422,534,12671821,0.13
4/10/20,IL,17887,607,12671821,0.14
4/11/20,IL,19180,682,12671821,0.15
4/12/20,IL,20852,727,12671821,0.16
4/13/20,IL,22025,800,12671821,0.17
4/14/20,IL,23247,878,12671821,0.18
4/15/20,IL,24593,958,12671821,0.19
4/16/20,IL,25734,1081,12671821,0.20
3/17/20,IN,30,2,6732219,0.00
3/18/20,IN,39,2,6732219,0.00
3/19/20,IN,56,2,6732219,0.00
3/20/20,IN,79,3,6732219,0.00
3/21/20,IN,126,4,6732219,0.00
3/22/20,IN,201,6,6732219,0.00
3/23/20,IN,259,7,6732219,0.00
3/24/20,IN,366,12,6732219,0.01
3/25/20,IN,479,14,6732219,0.01
3/26/20,IN,656,18,6732219,0.01
3/27/20,IN,982,26,6732219,0.01
3/28/20,IN,1232,31,6732219,0.02
3/29/20,IN,1514,32,6732219,0.02
3/30/20,IN,1788,35,6732219,0.03
3/31/20,IN,2159,50,6732219,0.03
4/1/20,IN,2565,65,6732219,0.04
4/2/20,IN,3039,78,6732219,0.05
4/3/20,IN,3437,102,6732219,0.05
4/4/20,IN,3953,116,6732219,0.06
4/5/20,IN,4411,127,6732219,0.07
4/6/20,IN,4956,141,6732219,0.07
4/7/20,IN,5507,173,6732219,0.08
4/8/20,IN,5943,203,6732219,0.09
4/9/20,IN,6351,246,6732219,0.09
4/10/20,IN,6907,300,6732219,0.10
4/11/20,IN,7435,330,6732219,0.11
4/12/20,IN,7928,343,6732219,0.12
4/13/20,IN,8236,350,6732219,0.12
4/14/20,IN,8527,387,6732219,0.13
4/15/20,IN,8955,436,6732219,0.13
4/16/20,IN,9542,477,6732219,0.14
3/17/20,IA,29,0,3155070,0.00
3/18/20,IA,38,0,3155070,0.00
3/19/20,IA,44,0,3155070,0.00
3/20/20,IA,45,0,3155070,0.00
3/21/20,IA,68,0,3155070,0.00
3/22/20,IA,90,0,3155070,0.00
3/23/20,IA,105,0,3155070,0.00
3/24/20,IA,124,1,3155070,0.00
3/25/20,IA,145,1,3155070,0.00
3/26/20,IA,179,1,3155070,0.01
3/27/20,IA,235,3,3155070,0.01
3/28/20,IA,298,3,3155070,0.01
3/29/20,IA,336,4,3155070,0.01
3/30/20,IA,424,6,3155070,0.01
3/31/20,IA,498,7,3155070,0.02
4/1/20,IA,549,9,3155070,0.02
4/2/20,IA,614,11,3155070,0.02
4/3/20,IA,699,11,3155070,0.02
4/4/20,IA,786,11,3155070,0.02
4/5/20,IA,868,22,3155070,0.03
4/6/20,IA,946,25,3155070,0.03
4/7/20,IA,1048,26,3155070,0.03
4/8/20,IA,1145,27,3155070,0.04
4/9/20,IA,1270,27,3155070,0.04
4/10/20,IA,1388,31,3155070,0.04
4/11/20,IA,1510,34,3155070,0.05
4/12/20,IA,1587,41,3155070,0.05
4/13/20,IA,1710,44,3155070,0.05
4/14/20,IA,1899,44,3155070,0.06
4/15/20,IA,1995,53,3155070,0.06
4/16/20,IA,2141,60,3155070,0.07
3/17/20,KS,17,1,2913314,0.00
3/18/20,KS,22,1,2913314,0.00
3/19/20,KS,35,1,2913314,0.00
3/20/20,KS,49,1,2913314,0.00
3/21/20,KS,57,2,2913314,0.00
3/22/20,KS,66,2,2913314,0.00
3/23/20,KS,82,2,2913314,0.00
3/24/20,KS,99,3,2913314,0.00
3/25/20,KS,132,3,2913314,0.00
3/26/20,KS,171,3,2913314,0.01
3/27/20,KS,212,4,2913314,0.01
3/28/20,KS,271,6,2913314,0.01
3/29/20,KS,332,7,2913314,0.01
3/30/20,KS,373,9,2913314,0.01
3/31/20,KS,434,10,2913314,0.01
4/1/20,KS,488,11,2913314,0.02
4/2/20,KS,554,14,2913314,0.02
4/3/20,KS,624,19,2913314,0.02
4/4/20,KS,701,21,2913314,0.02
4/5/20,KS,763,23,2913314,0.03
4/6/20,KS,853,25,2913314,0.03
4/7/20,KS,905,30,2913314,0.03
4/8/20,KS,1055,38,2913314,0.04
4/9/20,KS,1116,42,2913314,0.04
4/10/20,KS,1180,50,2913314,0.04
4/11/20,KS,1283,55,2913314,0.04
4/12/20,KS,1338,56,2913314,0.05
4/13/20,KS,1383,63,2913314,0.05
4/14/20,KS,1439,69,2913314,0.05
4/15/20,KS,1502,76,2913314,0.05
4/16/20,KS,1594,80,2913314,0.05
3/17/20,KY,26,1,4467673,0.00
3/18/20,KY,35,1,4467673,0.00
3/19/20,KY,47,2,4467673,0.00
3/20/20,KY,63,2,4467673,0.00
3/21/20,KY,84,3,4467673,0.00
3/22/20,KY,103,3,4467673,0.00
3/23/20,KY,124,3,4467673,0.00
3/24/20,KY,157,3,4467673,0.00
3/25/20,KY,198,5,4467673,0.00
3/26/20,KY,248,5,4467673,0.01
3/27/20,KY,302,8,4467673,0.01
3/28/20,KY,394,9,4467673,0.01
3/29/20,KY,439,9,4467673,0.01
3/30/20,KY,480,11,4467673,0.01
3/31/20,KY,590,18,4467673,0.01
4/1/20,KY,682,20,4467673,0.02
4/2/20,KY,755,34,4467673,0.02
4/3/20,KY,770,34,4467673,0.02
4/4/20,KY,917,40,4467673,0.02
4/5/20,KY,1048,44,4467673,0.02
4/6/20,KY,1057,52,4467673,0.02
4/7/20,KY,1289,66,4467673,0.03
4/8/20,KY,1393,73,4467673,0.03
4/9/20,KY,1525,84,4467673,0.03
4/10/20,KY,1702,90,4467673,0.04
4/11/20,KY,1851,94,4467673,0.04
4/12/20,KY,1963,98,4467673,0.04
4/13/20,KY,2048,106,4467673,0.05
4/14/20,KY,2210,115,4467673,0.05
4/15/20,KY,2295,124,4467673,0.05
4/16/20,KY,2429,131,4467673,0.05
3/17/20,LA,196,5,4648794,0.00
3/18/20,LA,280,7,4648794,0.01
3/19/20,LA,392,10,4648794,0.01
3/20/20,LA,537,10,4648794,0.01
3/21/20,LA,763,16,4648794,0.02
3/22/20,LA,837,20,4648794,0.02
3/23/20,LA,1172,34,4648794,0.03
3/24/20,LA,1388,46,4648794,0.03
3/25/20,LA,1795,65,4648794,0.04
3/26/20,LA,2305,83,4648794,0.05
3/27/20,LA,2746,119,4648794,0.06
3/28/20,LA,3315,137,4648794,0.07
3/29/20,LA,3540,152,4648794,0.08
3/30/20,LA,4025,186,4648794,0.09
3/31/20,LA,5237,240,4648794,0.11
4/1/20,LA,6424,273,4648794,0.14
4/2/20,LA,9150,310,4648794,0.20
4/3/20,LA,10297,370,4648794,0.22
4/4/20,LA,12496,412,4648794,0.27
4/5/20,LA,13010,477,4648794,0.28
4/6/20,LA,14867,512,4648794,0.32
4/7/20,LA,16284,582,4648794,0.35
4/8/20,LA,17030,652,4648794,0.37
4/9/20,LA,18283,702,4648794,0.39
4/10/20,LA,19253,755,4648794,0.41
4/11/20,LA,20014,806,4648794,0.43
4/12/20,LA,20595,840,4648794,0.44
4/13/20,LA,21016,884,4648794,0.45
4/14/20,LA,21518,1013,4648794,0.46
4/15/20,LA,21951,1103,4648794,0.47
4/16/20,LA,22532,1156,4648794,0.48
3/17/20,ME,32,0,1344212,0.00
3/18/20,ME,43,0,1344212,0.00
3/19/20,ME,52,0,1344212,0.00
3/20/20,ME,57,0,1344212,0.00
3/21/20,ME,70,0,1344212,0.01
3/22/20,ME,89,0,1344212,0.01
3/23/20,ME,107,0,1344212,0.01
3/24/20,ME,118,0,1344212,0.01
3/25/20,ME,142,0,1344212,0.01
3/26/20,ME,155,0,1344212,0.01
3/27/20,ME,168,1,1344212,0.01
3/28/20,ME,211,1,1344212,0.02
3/29/20,ME,253,3,1344212,0.02
3/30/20,ME,275,3,1344212,0.02
3/31/20,ME,303,5,1344212,0.02
4/1/20,ME,344,7,1344212,0.03
4/2/20,ME,376,7,1344212,0.03
4/3/20,ME,432,9,1344212,0.03
4/4/20,ME,456,10,1344212,0.03
4/5/20,ME,470,10,1344212,0.03
4/6/20,ME,499,10,1344212,0.04
4/7/20,ME,519,12,1344212,0.04
4/8/20,ME,537,14,1344212,0.04
4/9/20,ME,560,16,1344212,0.04
4/10/20,ME,586,17,1344212,0.04
4/11/20,ME,616,19,1344212,0.05
4/12/20,ME,633,19,1344212,0.05
4/13/20,ME,698,19,1344212,0.05
4/14/20,ME,734,20,1344212,0.05
4/15/20,ME,770,24,1344212,0.06
4/16/20,ME,796,27,1344212,0.06
3/17/20,MD,57,0,6045680,0.00
3/18/20,MD,85,1,6045680,0.00
3/19/20,MD,108,1,6045680,0.00
3/20/20,MD,150,2,6045680,0.00
3/21/20,MD,195,3,6045680,0.00
3/22/20,MD,245,3,6045680,0.00
3/23/20,MD,290,3,6045680,0.00
3/24/20,MD,349,4,6045680,0.01
3/25/20,MD,423,4,6045680,0.01
3/26/20,MD,581,4,6045680,0.01
3/27/20,MD,775,5,6045680,0.01
3/28/20,MD,1066,10,6045680,0.02
3/29/20,MD,1244,11,6045680,0.02
3/30/20,MD,1414,15,6045680,0.02
3/31/20,MD,1662,18,6045680,0.03
4/1/20,MD,1985,33,6045680,0.03
4/2/20,MD,2331,36,6045680,0.04
4/3/20,MD,2758,42,6045680,0.05
4/4/20,MD,3125,54,6045680,0.05
4/5/20,MD,3609,68,6045680,0.06
4/6/20,MD,4045,92,6045680,0.07
4/7/20,MD,4371,104,6045680,0.07
4/8/20,MD,5529,124,6045680,0.09
4/9/20,MD,6185,139,6045680,0.10
4/10/20,MD,6968,172,6045680,0.12
4/11/20,MD,7694,207,6045680,0.13
4/12/20,MD,8225,236,6045680,0.14
4/13/20,MD,8936,262,6045680,0.15
4/14/20,MD,9472,302,6045680,0.16
4/15/20,MD,10032,349,6045680,0.17
4/16/20,MD,10784,349,6045680,0.18
3/17/20,MA,218,0,6892503,0.00
3/18/20,MA,256,0,6892503,0.00
3/19/20,MA,328,0,6892503,0.00
3/20/20,MA,413,1,6892503,0.01
3/21/20,MA,525,2,6892503,0.01
3/22/20,MA,646,5,6892503,0.01
3/23/20,MA,777,5,6892503,0.01
3/24/20,MA,1159,11,6892503,0.02
3/25/20,MA,1838,15,6892503,0.03
3/26/20,MA,2417,25,6892503,0.04
3/27/20,MA,3240,35,6892503,0.05
3/28/20,MA,4257,44,6892503,0.06
3/29/20,MA,4955,48,6892503,0.07
3/30/20,MA,5752,61,6892503,0.08
3/31/20,MA,6620,89,6892503,0.10
4/1/20,MA,7738,122,6892503,0.11
4/2/20,MA,8966,154,6892503,0.13
4/3/20,MA,10402,192,6892503,0.15
4/4/20,MA,11736,216,6892503,0.17
4/5/20,MA,12500,231,6892503,0.18
4/6/20,MA,13837,260,6892503,0.20
4/7/20,MA,15202,356,6892503,0.22
4/8/20,MA,16790,433,6892503,0.24
4/9/20,MA,18941,503,6892503,0.27
4/10/20,MA,20974,599,6892503,0.30
4/11/20,MA,22860,686,6892503,0.33
4/12/20,MA,25475,756,6892503,0.37
4/13/20,MA,26867,844,6892503,0.39
4/14/20,MA,28163,957,6892503,0.41
4/15/20,MA,29918,1108,6892503,0.43
4/16/20,MA,32181,1245,6892503,0.47
3/17/20,MI,65,0,9986857,0.00
3/18/20,MI,80,1,9986857,0.00
3/19/20,MI,334,3,9986857,0.00
3/20/20,MI,548,4,9986857,0.01
3/21/20,MI,787,6,9986857,0.01
3/22/20,MI,1033,9,9986857,0.01
3/23/20,MI,1324,16,9986857,0.01
3/24/20,MI,1791,24,9986857,0.02
3/25/20,MI,2294,43,9986857,0.02
3/26/20,MI,2878,63,9986857,0.03
3/27/20,MI,3657,93,9986857,0.04
3/28/20,MI,4635,111,9986857,0.05
3/29/20,MI,5486,132,9986857,0.05
3/30/20,MI,6508,197,9986857,0.07
3/31/20,MI,7630,264,9986857,0.08
4/1/20,MI,9293,336,9986857,0.09
4/2/20,MI,10791,417,9986857,0.11
4/3/20,MI,12670,478,9986857,0.13
4/4/20,MI,14225,540,9986857,0.14
4/5/20,MI,15635,616,9986857,0.16
4/6/20,MI,17130,727,9986857,0.17
4/7/20,MI,18852,845,9986857,0.19
4/8/20,MI,20220,959,9986857,0.20
4/9/20,MI,21375,1076,9986857,0.21
4/10/20,MI,22646,1280,9986857,0.23
4/11/20,MI,23853,1391,9986857,0.24
4/12/20,MI,24494,1486,9986857,0.25
4/13/20,MI,25487,1601,9986857,0.26
4/14/20,MI,26844,1766,9986857,0.27
4/15/20,MI,27893,1919,9986857,0.28
4/16/20,MI,29119,2091,9986857,0.29
3/17/20,MN,60,0,5639632,0.00
3/18/20,MN,77,0,5639632,0.00
3/19/20,MN,89,0,5639632,0.00
3/20/20,MN,115,0,5639632,0.00
3/21/20,MN,138,1,5639632,0.00
3/22/20,MN,171,1,5639632,0.00
3/23/20,MN,235,1,5639632,0.00
3/24/20,MN,262,1,5639632,0.00
3/25/20,MN,287,1,5639632,0.01
3/26/20,MN,346,2,5639632,0.01
3/27/20,MN,398,4,5639632,0.01
3/28/20,MN,441,5,5639632,0.01
3/29/20,MN,504,9,5639632,0.01
3/30/20,MN,576,10,5639632,0.01
3/31/20,MN,629,12,5639632,0.01
4/1/20,MN,689,17,5639632,0.01
4/2/20,MN,742,18,5639632,0.01
4/3/20,MN,789,22,5639632,0.01
4/4/20,MN,865,24,5639632,0.02
4/5/20,MN,935,29,5639632,0.02
4/6/20,MN,986,30,5639632,0.02
4/7/20,MN,1069,34,5639632,0.02
4/8/20,MN,1154,39,5639632,0.02
4/9/20,MN,1242,50,5639632,0.02
4/10/20,MN,1335,57,5639632,0.02
4/11/20,MN,1427,64,5639632,0.03
4/12/20,MN,1621,70,5639632,0.03
4/13/20,MN,1650,70,5639632,0.03
4/14/20,MN,1695,79,5639632,0.03
4/15/20,MN,1809,87,5639632,0.03
4/16/20,MN,1912,94,5639632,0.03
3/17/20,MS,21,0,2976149,0.00
3/18/20,MS,34,0,2976149,0.00
3/19/20,MS,50,1,2976149,0.00
3/20/20,MS,80,1,2976149,0.00
3/21/20,MS,140,1,2976149,0.00
3/22/20,MS,207,1,2976149,0.01
3/23/20,MS,249,1,2976149,0.01
3/24/20,MS,320,1,2976149,0.01
3/25/20,MS,377,5,2976149,0.01
3/26/20,MS,487,6,2976149,0.02
3/27/20,MS,579,8,2976149,0.02
3/28/20,MS,669,13,2976149,0.02
3/29/20,MS,759,14,2976149,0.03
3/30/20,MS,848,16,2976149,0.03
3/31/20,MS,937,20,2976149,0.03
4/1/20,MS,1073,22,2976149,0.04
4/2/20,MS,1177,26,2976149,0.04
4/3/20,MS,1358,29,2976149,0.05
4/4/20,MS,1455,35,2976149,0.05
4/5/20,MS,1638,43,2976149,0.06
4/6/20,MS,1738,51,2976149,0.06
4/7/20,MS,1915,59,2976149,0.06
4/8/20,MS,2003,67,2976149,0.07
4/9/20,MS,2260,76,2976149,0.08
4/10/20,MS,2469,82,2976149,0.08
4/11/20,MS,2642,93,2976149,0.09
4/12/20,MS,2781,96,2976149,0.09
4/13/20,MS,2942,98,2976149,0.10
4/14/20,MS,3087,111,2976149,0.10
4/15/20,MS,3360,122,2976149,0.11
4/16/20,MS,3624,129,2976149,0.12
3/17/20,MS,16,0,6137428,0.00
3/18/20,MO,21,1,6137428,0.00
3/19/20,MO,35,1,6137428,0.00
3/20/20,MO,73,3,6137428,0.00
3/21/20,MO,93,3,6137428,0.00
3/22/20,MO,130,3,6137428,0.00
3/23/20,MO,183,4,6137428,0.00
3/24/20,MO,255,5,6137428,0.00
3/25/20,MO,377,8,6137428,0.01
3/26/20,MO,507,8,6137428,0.01
3/27/20,MO,671,9,6137428,0.01
3/28/20,MO,838,10,6137428,0.01
3/29/20,MO,903,12,6137428,0.01
3/30/20,MO,1050,13,6137428,0.02
3/31/20,MO,1351,15,6137428,0.02
4/1/20,MO,1581,18,6137428,0.03
4/2/20,MO,1834,24,6137428,0.03
4/3/20,MO,2113,31,6137428,0.03
4/4/20,MO,2291,44,6137428,0.04
4/5/20,MO,2367,52,6137428,0.04
4/6/20,MO,2722,56,6137428,0.04
4/7/20,MO,3037,79,6137428,0.05
4/8/20,MO,3327,86,6137428,0.05
4/9/20,MO,3539,94,6137428,0.06
4/10/20,MO,3799,105,6137428,0.06
4/11/20,MO,4024,116,6137428,0.07
4/12/20,MO,4160,116,6137428,0.07
4/13/20,MO,4388,136,6137428,0.07
4/14/20,MO,4686,151,6137428,0.08
4/15/20,MO,4895,164,6137428,0.08
4/16/20,MO,5111,170,6137428,0.08
3/17/20,MT,8,0,1068778,0.00
3/18/20,MT,12,0,1068778,0.00
3/19/20,MT,19,0,1068778,0.00
3/20/20,MT,19,0,1068778,0.00
3/21/20,MT,29,0,1068778,0.00
3/22/20,MT,34,0,1068778,0.00
3/23/20,MT,45,0,1068778,0.00
3/24/20,MT,51,0,1068778,0.00
3/25/20,MT,65,0,1068778,0.01
3/26/20,MT,90,0,1068778,0.01
3/27/20,MT,121,1,1068778,0.01
3/28/20,MT,147,1,1068778,0.01
3/29/20,MT,161,1,1068778,0.02
3/30/20,MT,177,4,1068778,0.02
3/31/20,MT,198,5,1068778,0.02
4/1/20,MT,217,5,1068778,0.02
4/2/20,MT,241,5,1068778,0.02
4/3/20,MT,262,5,1068778,0.02
4/4/20,MT,281,6,1068778,0.03
4/5/20,MT,298,6,1068778,0.03
4/6/20,MT,319,6,1068778,0.03
4/7/20,MT,319,6,1068778,0.03
4/8/20,MT,332,6,1068778,0.03
4/9/20,MT,354,6,1068778,0.03
4/10/20,MT,365,6,1068778,0.03
4/11/20,MT,377,6,1068778,0.04
4/12/20,MT,387,6,1068778,0.04
4/13/20,MT,394,7,1068778,0.04
4/14/20,MT,399,7,1068778,0.04
4/15/20,MT,404,7,1068778,0.04
4/16/20,MT,415,7,1068778,0.04
3/17/20,NE,36,0,1934408,0.00
3/18/20,NE,43,0,1934408,0.00
3/19/20,NE,47,0,1934408,0.00
3/20/20,NE,53,0,1934408,0.00
3/21/20,NE,61,0,1934408,0.00
3/22/20,NE,62,0,1934408,0.00
3/23/20,NE,73,0,1934408,0.00
3/24/20,NE,77,0,1934408,0.00
3/25/20,NE,84,0,1934408,0.00
3/26/20,NE,92,0,1934408,0.00
3/27/20,NE,100,2,1934408,0.01
3/28/20,NE,122,2,1934408,0.01
3/29/20,NE,137,2,1934408,0.01
3/30/20,NE,185,3,1934408,0.01
3/31/20,NE,193,4,1934408,0.01
4/1/20,NE,249,5,1934408,0.01
4/2/20,NE,273,6,1934408,0.01
4/3/20,NE,296,6,1934408,0.02
4/4/20,NE,339,8,1934408,0.02
4/5/20,NE,377,8,1934408,0.02
4/6/20,NE,438,10,1934408,0.02
4/7/20,NE,490,12,1934408,0.03
4/8/20,NE,538,14,1934408,0.03
4/9/20,NE,594,15,1934408,0.03
4/10/20,NE,679,18,1934408,0.04
4/11/20,NE,719,18,1934408,0.04
4/12/20,NE,806,18,1934408,0.04
4/13/20,NE,871,19,1934408,0.05
4/14/20,NE,931,21,1934408,0.05
4/15/20,NE,995,22,1934408,0.05
4/16/20,NE,1094,24,1934408,0.06
3/17/20,NV,55,1,3080156,0.00
3/18/20,NV,82,1,3080156,0.00
3/19/20,NV,99,1,3080156,0.00
3/20/20,NV,165,2,3080156,0.01
3/21/20,NV,165,2,3080156,0.01
3/22/20,NV,190,2,3080156,0.01
3/23/20,NV,265,4,3080156,0.01
3/24/20,NV,315,6,3080156,0.01
3/25/20,NV,405,10,3080156,0.01
3/26/20,NV,535,10,3080156,0.02
3/27/20,NV,621,10,3080156,0.02
3/28/20,NV,738,14,3080156,0.02
3/29/20,NV,920,15,3080156,0.03
3/30/20,NV,1044,18,3080156,0.03
3/31/20,NV,1113,26,3080156,0.04
4/1/20,NV,1279,32,3080156,0.04
4/2/20,NV,1458,38,3080156,0.05
4/3/20,NV,1549,43,3080156,0.05
4/4/20,NV,1758,46,3080156,0.06
4/5/20,NV,1880,46,3080156,0.06
4/6/20,NV,1971,58,3080156,0.06
4/7/20,NV,2101,60,3080156,0.07
4/8/20,NV,2318,80,3080156,0.08
4/9/20,NV,2456,82,3080156,0.08
4/10/20,NV,2606,86,3080156,0.08
4/11/20,NV,2720,111,3080156,0.09
4/12/20,NV,2860,113,3080156,0.09
4/13/20,NV,3036,114,3080156,0.10
4/14/20,NV,3137,130,3080156,0.10
4/15/20,NV,3212,137,3080156,0.10
4/16/20,NV,3321,142,3080156,0.11
3/17/20,NH,26,0,1359711,0.00
3/18/20,NH,39,0,1359711,0.00
3/19/20,NH,44,0,1359711,0.00
3/20/20,NH,55,0,1359711,0.00
3/21/20,NH,65,0,1359711,0.00
3/22/20,NH,78,0,1359711,0.01
3/23/20,NH,101,1,1359711,0.01
3/24/20,NH,108,1,1359711,0.01
3/25/20,NH,137,1,1359711,0.01
3/26/20,NH,158,1,1359711,0.01
3/27/20,NH,187,2,1359711,0.01
3/28/20,NH,214,2,1359711,0.02
3/29/20,NH,258,3,1359711,0.02
3/30/20,NH,314,3,1359711,0.02
3/31/20,NH,367,3,1359711,0.03
4/1/20,NH,415,4,1359711,0.03
4/2/20,NH,479,5,1359711,0.04
4/3/20,NH,540,7,1359711,0.04
4/4/20,NH,621,9,1359711,0.05
4/5/20,NH,669,9,1359711,0.05
4/6/20,NH,715,9,1359711,0.05
4/7/20,NH,747,13,1359711,0.05
4/8/20,NH,788,18,1359711,0.06
4/9/20,NH,819,21,1359711,0.06
4/10/20,NH,885,22,1359711,0.07
4/11/20,NH,929,23,1359711,0.07
4/12/20,NH,985,23,1359711,0.07
4/13/20,NH,1020,23,1359711,0.08
4/14/20,NH,1091,27,1359711,0.08
4/15/20,NH,1139,32,1359711,0.08
4/16/20,NH,1211,34,1359711,0.09
3/17/20,NJ,268,3,8882190,0.00
3/18/20,NJ,427,5,8882190,0.00
3/19/20,NJ,735,9,8882190,0.01
3/20/20,NJ,896,11,8882190,0.01
3/21/20,NJ,1336,16,8882190,0.02
3/22/20,NJ,1914,20,8882190,0.02
3/23/20,NJ,2844,27,8882190,0.03
3/24/20,NJ,3675,44,8882190,0.04
3/25/20,NJ,4402,62,8882190,0.05
3/26/20,NJ,6876,81,8882190,0.08
3/27/20,NJ,8825,108,8882190,0.10
3/28/20,NJ,11124,140,8882190,0.13
3/29/20,NJ,13386,161,8882190,0.15
3/30/20,NJ,16636,199,8882190,0.19
3/31/20,NJ,18696,267,8882190,0.21
4/1/20,NJ,22255,355,8882190,0.25
4/2/20,NJ,25590,539,8882190,0.29
4/3/20,NJ,29895,647,8882190,0.34
4/4/20,NJ,34124,847,8882190,0.38
4/5/20,NJ,37505,917,8882190,0.42
4/6/20,NJ,41090,1005,8882190,0.46
4/7/20,NJ,44416,1232,8882190,0.50
4/8/20,NJ,47437,1504,8882190,0.53
4/9/20,NJ,51027,1700,8882190,0.57
4/10/20,NJ,54588,1932,8882190,0.61
4/11/20,NJ,58151,2183,8882190,0.65
4/12/20,NJ,61850,2350,8882190,0.70
4/13/20,NJ,64584,2443,8882190,0.73
4/14/20,NJ,68824,2805,8882190,0.77
4/15/20,NJ,71030,3156,8882190,0.80
4/16/20,NJ,75317,3518,8882190,0.85
3/17/20,NM,23,0,2096829,0.00
3/18/20,NM,28,0,2096829,0.00
3/19/20,NM,35,0,2096829,0.00
3/20/20,NM,43,0,2096829,0.00
3/21/20,NM,57,0,2096829,0.00
3/22/20,NM,65,0,2096829,0.00
3/23/20,NM,83,0,2096829,0.00
3/24/20,NM,100,0,2096829,0.00
3/25/20,NM,112,1,2096829,0.01
3/26/20,NM,136,1,2096829,0.01
3/27/20,NM,191,1,2096829,0.01
3/28/20,NM,208,2,2096829,0.01
3/29/20,NM,237,2,2096829,0.01
3/30/20,NM,281,4,2096829,0.01
3/31/20,NM,315,5,2096829,0.02
4/1/20,NM,363,6,2096829,0.02
4/2/20,NM,403,7,2096829,0.02
4/3/20,NM,495,10,2096829,0.02
4/4/20,NM,543,11,2096829,0.03
4/5/20,NM,624,12,2096829,0.03
4/6/20,NM,686,12,2096829,0.03
4/7/20,NM,794,13,2096829,0.04
4/8/20,NM,865,16,2096829,0.04
4/9/20,NM,989,17,2096829,0.05
4/10/20,NM,1091,19,2096829,0.05
4/11/20,NM,1174,20,2096829,0.06
4/12/20,NM,1245,26,2096829,0.06
4/13/20,NM,1345,31,2096829,0.06
4/14/20,NM,1407,36,2096829,0.07
4/15/20,NM,1484,36,2096829,0.07
4/16/20,NM,1597,44,2096829,0.08
3/17/20,NY,1374,17,19453561,0.01
3/18/20,NY,2382,27,19453561,0.01
3/19/20,NY,4152,30,19453561,0.02
3/20/20,NY,7102,57,19453561,0.04
3/21/20,NY,10356,80,19453561,0.05
3/22/20,NY,15168,122,19453561,0.08
3/23/20,NY,20875,159,19453561,0.11
3/24/20,NY,25665,218,19453561,0.13
3/25/20,NY,33066,325,19453561,0.17
3/26/20,NY,38987,432,19453561,0.20
3/27/20,NY,44635,535,19453561,0.23
3/28/20,NY,53363,782,19453561,0.27
3/29/20,NY,59568,965,19453561,0.31
3/30/20,NY,67174,1224,19453561,0.35
3/31/20,NY,75832,1550,19453561,0.39
4/1/20,NY,83889,1941,19453561,0.43
4/2/20,NY,92770,2653,19453561,0.48
4/3/20,NY,102870,2935,19453561,0.53
4/4/20,NY,114996,3568,19453561,0.59
4/5/20,NY,122911,4161,19453561,0.63
4/6/20,NY,130703,4758,19453561,0.67
4/7/20,NY,140081,5563,19453561,0.72
4/8/20,NY,149401,6268,19453561,0.77
4/9/20,NY,159937,7067,19453561,0.82
4/10/20,NY,170512,7844,19453561,0.88
4/11/20,NY,180458,8627,19453561,0.93
4/12/20,NY,188694,9385,19453561,0.97
4/13/20,NY,195031,10056,19453561,1.00
4/14/20,NY,202208,10834,19453561,1.04
4/15/20,NY,213779,11586,19453561,1.10
4/16/20,NY,222284,12192,19453561,1.14
3/17/20,NC,42,0,10488084,0.00
3/18/20,NC,66,0,10488084,0.00
3/19/20,NC,104,0,10488084,0.00
3/20/20,NC,144,0,10488084,0.00
3/21/20,NC,184,0,10488084,0.00
3/22/20,NC,269,0,10488084,0.00
3/23/20,NC,303,0,10488084,0.00
3/24/20,NC,399,0,10488084,0.00
3/25/20,NC,563,1,10488084,0.01
3/26/20,NC,638,2,10488084,0.01
3/27/20,NC,783,3,10488084,0.01
3/28/20,NC,972,4,10488084,0.01
3/29/20,NC,1167,6,10488084,0.01
3/30/20,NC,1304,6,10488084,0.01
3/31/20,NC,1528,10,10488084,0.01
4/1/20,NC,1582,11,10488084,0.02
4/2/20,NC,1857,17,10488084,0.02
4/3/20,NC,2093,19,10488084,0.02
4/4/20,NC,2402,30,10488084,0.02
4/5/20,NC,2585,37,10488084,0.02
4/6/20,NC,2870,40,10488084,0.03
4/7/20,NC,3220,50,10488084,0.03
4/8/20,NC,3423,61,10488084,0.03
4/9/20,NC,3651,74,10488084,0.03
4/10/20,NC,3906,78,10488084,0.04
4/11/20,NC,4310,86,10488084,0.04
4/12/20,NC,4520,86,10488084,0.04
4/13/20,NC,4788,91,10488084,0.05
4/14/20,NC,4992,116,10488084,0.05
4/15/20,NC,5123,128,10488084,0.05
4/16/20,NC,5463,140,10488084,0.05
3/17/20,ND,5,0,10488084,0.00
3/18/20,ND,7,0,10488084,0.00
3/19/20,ND,19,0,10488084,0.00
3/20/20,ND,27,0,10488084,0.00
3/21/20,ND,28,0,10488084,0.00
3/22/20,ND,30,0,10488084,0.00
3/23/20,ND,32,0,10488084,0.00
3/24/20,ND,36,0,10488084,0.00
3/25/20,ND,45,0,10488084,0.00
3/26/20,ND,58,0,10488084,0.00
3/27/20,ND,68,1,10488084,0.00
3/28/20,ND,94,1,10488084,0.00
3/29/20,ND,98,1,10488084,0.00
3/30/20,ND,109,3,10488084,0.00
3/31/20,ND,126,3,10488084,0.00
4/1/20,ND,147,3,10488084,0.00
4/2/20,ND,159,3,10488084,0.00
4/3/20,ND,173,3,10488084,0.00
4/4/20,ND,186,3,10488084,0.00
4/5/20,ND,207,3,10488084,0.00
4/6/20,ND,225,3,10488084,0.00
4/7/20,ND,237,4,10488084,0.00
4/8/20,ND,251,4,10488084,0.00
4/9/20,ND,269,5,10488084,0.00
4/10/20,ND,278,7,10488084,0.00
4/11/20,ND,293,7,10488084,0.00
4/12/20,ND,308,8,10488084,0.00
4/13/20,ND,331,9,10488084,0.00
4/14/20,ND,341,9,10488084,0.00
4/15/20,ND,365,9,10488084,0.00
4/16/20,ND,393,9,10488084,0.00
3/17/20,OH,67,0,11689100,0.00
3/18/20,OH,90,0,11689100,0.00
3/19/20,OH,120,0,11689100,0.00
3/20/20,OH,169,1,11689100,0.00
3/21/20,OH,247,3,11689100,0.00
3/22/20,OH,351,3,11689100,0.00
3/23/20,OH,444,6,11689100,0.00
3/24/20,OH,564,8,11689100,0.00
3/25/20,OH,706,11,11689100,0.01
3/26/20,OH,867,15,11689100,0.01
3/27/20,OH,1144,22,11689100,0.01
3/28/20,OH,1406,25,11689100,0.01
3/29/20,OH,1665,30,11689100,0.01
3/30/20,OH,1933,40,11689100,0.02
3/31/20,OH,2199,55,11689100,0.02
4/1/20,OH,2547,65,11689100,0.02
4/2/20,OH,2902,81,11689100,0.02
4/3/20,OH,3312,91,11689100,0.03
4/4/20,OH,3739,102,11689100,0.03
4/5/20,OH,4043,119,11689100,0.03
4/6/20,OH,4450,142,11689100,0.04
4/7/20,OH,4782,167,11689100,0.04
4/8/20,OH,5148,193,11689100,0.04
4/9/20,OH,5512,213,11689100,0.05
4/10/20,OH,5878,231,11689100,0.05
4/11/20,OH,6250,247,11689100,0.05
4/12/20,OH,6604,253,11689100,0.06
4/13/20,OH,6975,274,11689100,0.06
4/14/20,OH,7280,324,11689100,0.06
4/15/20,OH,7791,361,11689100,0.07
4/16/20,OH,8414,389,11689100,0.07
3/17/20,OK,18,0,3956971,0.00
3/18/20,OK,29,0,3956971,0.00
3/19/20,OK,44,1,3956971,0.00
3/20/20,OK,49,1,3956971,0.00
3/21/20,OK,53,1,3956971,0.00
3/22/20,OK,67,2,3956971,0.00
3/23/20,OK,81,2,3956971,0.00
3/24/20,OK,106,3,3956971,0.00
3/25/20,OK,164,5,3956971,0.00
3/26/20,OK,248,7,3956971,0.01
3/27/20,OK,322,8,3956971,0.01
3/28/20,OK,377,15,3956971,0.01
3/29/20,OK,429,16,3956971,0.01
3/30/20,OK,481,17,3956971,0.01
3/31/20,OK,566,23,3956971,0.01
4/1/20,OK,719,30,3956971,0.02
4/2/20,OK,879,34,3956971,0.02
4/3/20,OK,988,38,3956971,0.02
4/4/20,OK,1159,42,3956971,0.03
4/5/20,OK,1252,46,3956971,0.03
4/6/20,OK,1327,51,3956971,0.03
4/7/20,OK,1472,67,3956971,0.04
4/8/20,OK,1524,79,3956971,0.04
4/9/20,OK,1684,80,3956971,0.04
4/10/20,OK,1794,88,3956971,0.05
4/11/20,OK,1868,93,3956971,0.05
4/12/20,OK,1970,96,3956971,0.05
4/13/20,OK,2069,98,3956971,0.05
4/14/20,OK,2184,109,3956971,0.06
4/15/20,OK,2263,123,3956971,0.06
4/16/20,OK,2357,131,3956971,0.06
3/17/20,OR,66,2,4217737,0.00
3/18/20,OR,74,3,4217737,0.00
3/19/20,OR,87,3,4217737,0.00
3/20/20,OR,114,3,4217737,0.00
3/21/20,OR,137,4,4217737,0.00
3/22/20,OR,161,5,4217737,0.00
3/23/20,OR,191,5,4217737,0.00
3/24/20,OR,209,8,4217737,0.00
3/25/20,OR,266,10,4217737,0.01
3/26/20,OR,316,11,4217737,0.01
3/27/20,OR,414,12,4217737,0.01
3/28/20,OR,479,13,4217737,0.01
3/29/20,OR,548,13,4217737,0.01
3/30/20,OR,606,16,4217737,0.01
3/31/20,OR,690,18,4217737,0.02
4/1/20,OR,736,19,4217737,0.02
4/2/20,OR,826,21,4217737,0.02
4/3/20,OR,899,22,4217737,0.02
4/4/20,OR,999,26,4217737,0.02
4/5/20,OR,1068,27,4217737,0.03
4/6/20,OR,1132,29,4217737,0.03
4/7/20,OR,1181,33,4217737,0.03
4/8/20,OR,1239,38,4217737,0.03
4/9/20,OR,1321,44,4217737,0.03
4/10/20,OR,1371,48,4217737,0.03
4/11/20,OR,1447,51,4217737,0.03
4/12/20,OR,1527,52,4217737,0.04
4/13/20,OR,1584,53,4217737,0.04
4/14/20,OR,1633,55,4217737,0.04
4/15/20,OR,1663,58,4217737,0.04
4/16/20,OR,1736,64,4217737,0.04
3/17/20,PA,101,0,12801989,0.00
3/18/20,PA,139,1,12801989,0.00
3/19/20,PA,187,1,12801989,0.00
3/20/20,PA,269,1,12801989,0.00
3/21/20,PA,388,2,12801989,0.00
3/22/20,PA,504,3,12801989,0.00
3/23/20,PA,644,6,12801989,0.01
3/24/20,PA,851,7,12801989,0.01
3/25/20,PA,1151,11,12801989,0.01
3/26/20,PA,1690,16,12801989,0.01
3/27/20,PA,2218,23,12801989,0.02
3/28/20,PA,2815,35,12801989,0.02
3/29/20,PA,3441,40,12801989,0.03
3/30/20,PA,4156,48,12801989,0.03
3/31/20,PA,4997,72,12801989,0.04
4/1/20,PA,5805,74,12801989,0.05
4/2/20,PA,7016,90,12801989,0.05
4/3/20,PA,8420,102,12801989,0.07
4/4/20,PA,10109,139,12801989,0.08
4/5/20,PA,11589,159,12801989,0.09
4/6/20,PA,13074,169,12801989,0.10
4/7/20,PA,14582,240,12801989,0.11
4/8/20,PA,16414,313,12801989,0.13
4/9/20,PA,18379,344,12801989,0.14
4/10/20,PA,20128,435,12801989,0.16
4/11/20,PA,21774,515,12801989,0.17
4/12/20,PA,22955,525,12801989,0.18
4/13/20,PA,24295,563,12801989,0.19
4/14/20,PA,25591,746,12801989,0.20
4/15/20,PA,26804,833,12801989,0.21
4/16/20,PA,28314,864,12801989,0.22
3/17/20,RI,23,0,1059361,0.00
3/18/20,RI,33,0,1059361,0.00
3/19/20,RI,44,0,1059361,0.00
3/20/20,RI,44,0,1059361,0.00
3/21/20,RI,66,0,1059361,0.01
3/22/20,RI,83,0,1059361,0.01
3/23/20,RI,106,0,1059361,0.01
3/24/20,RI,124,0,1059361,0.01
3/25/20,RI,132,0,1059361,0.01
3/26/20,RI,165,0,1059361,0.02
3/27/20,RI,203,0,1059361,0.02
3/28/20,RI,239,2,1059361,0.02
3/29/20,RI,294,3,1059361,0.03
3/30/20,RI,408,4,1059361,0.04
3/31/20,RI,488,8,1059361,0.05
4/1/20,RI,566,10,1059361,0.05
4/2/20,RI,657,12,1059361,0.06
4/3/20,RI,711,14,1059361,0.07
4/4/20,RI,806,17,1059361,0.08
4/5/20,RI,922,25,1059361,0.09
4/6/20,RI,1082,27,1059361,0.10
4/7/20,RI,1229,30,1059361,0.12
4/8/20,RI,1450,35,1059361,0.14
4/9/20,RI,1727,43,1059361,0.16
4/10/20,RI,2015,49,1059361,0.19
4/11/20,RI,2349,56,1059361,0.22
4/12/20,RI,2665,63,1059361,0.25
4/13/20,RI,2976,73,1059361,0.28
4/14/20,RI,3251,80,1059361,0.31
4/15/20,RI,3529,87,1059361,0.33
4/16/20,RI,3838,105,1059361,0.36
3/17/20,SC,47,1,5148714,0.00
3/18/20,SC,60,1,5148714,0.00
3/19/20,SC,81,1,5148714,0.00
3/20/20,SC,126,3,5148714,0.00
3/21/20,SC,172,3,5148714,0.00
3/22/20,SC,194,3,5148714,0.00
3/23/20,SC,299,5,5148714,0.01
3/24/20,SC,342,7,5148714,0.01
3/25/20,SC,424,7,5148714,0.01
3/26/20,SC,456,9,5148714,0.01
3/27/20,SC,539,13,5148714,0.01
3/28/20,SC,660,15,5148714,0.01
3/29/20,SC,774,16,5148714,0.02
3/30/20,SC,925,18,5148714,0.02
3/31/20,SC,1083,22,5148714,0.02
4/1/20,SC,1293,26,5148714,0.03
4/2/20,SC,1554,31,5148714,0.03
4/3/20,SC,1700,34,5148714,0.03
4/4/20,SC,1917,40,5148714,0.04
4/5/20,SC,2049,44,5148714,0.04
4/6/20,SC,2232,48,5148714,0.04
4/7/20,SC,2417,51,5148714,0.05
4/8/20,SC,2552,63,5148714,0.05
4/9/20,SC,2792,67,5148714,0.05
4/10/20,SC,3065,72,5148714,0.06
4/11/20,SC,3207,80,5148714,0.06
4/12/20,SC,3319,82,5148714,0.06
4/13/20,SC,3439,87,5148714,0.07
4/14/20,SC,3553,97,5148714,0.07
4/15/20,SC,3656,107,5148714,0.07
4/16/20,SC,3931,109,5148714,0.08
3/17/20,SD,11,1,884659,0.00
3/18/20,SD,11,1,884659,0.00
3/19/20,SD,14,1,884659,0.00
3/20/20,SD,14,1,884659,0.00
3/21/20,SD,14,1,884659,0.00
3/22/20,SD,21,1,884659,0.00
3/23/20,SD,28,1,884659,0.00
3/24/20,SD,30,1,884659,0.00
3/25/20,SD,41,1,884659,0.00
3/26/20,SD,46,1,884659,0.01
3/27/20,SD,58,1,884659,0.01
3/28/20,SD,68,1,884659,0.01
3/29/20,SD,90,1,884659,0.01
3/30/20,SD,101,1,884659,0.01
3/31/20,SD,108,1,884659,0.01
4/1/20,SD,129,2,884659,0.01
4/2/20,SD,165,2,884659,0.02
4/3/20,SD,187,2,884659,0.02
4/4/20,SD,212,2,884659,0.02
4/5/20,SD,240,2,884659,0.03
4/6/20,SD,288,4,884659,0.03
4/7/20,SD,320,6,884659,0.04
4/8/20,SD,393,6,884659,0.04
4/9/20,SD,447,7,884659,0.05
4/10/20,SD,536,7,884659,0.06
4/11/20,SD,626,6,884659,0.07
4/12/20,SD,730,6,884659,0.08
4/13/20,SD,868,6,884659,0.10
4/14/20,SD,988,6,884659,0.11
4/15/20,SD,1168,6,884659,0.13
4/16/20,SD,1311,7,884659,0.15
3/17/20,TN,73,0,6829174,0.00
3/18/20,TN,98,0,6829174,0.00
3/19/20,TN,155,0,6829174,0.00
3/20/20,TN,237,0,6829174,0.00
3/21/20,TN,312,2,6829174,0.00
3/22/20,TN,424,2,6829174,0.01
3/23/20,TN,522,2,6829174,0.01
3/24/20,TN,679,2,6829174,0.01
3/25/20,TN,806,3,6829174,0.01
3/26/20,TN,981,3,6829174,0.01
3/27/20,TN,1180,6,6829174,0.02
3/28/20,TN,1364,6,6829174,0.02
3/29/20,TN,1570,7,6829174,0.02
3/30/20,TN,1721,13,6829174,0.03
3/31/20,TN,2049,13,6829174,0.03
4/1/20,TN,2690,23,6829174,0.04
4/2/20,TN,2869,32,6829174,0.04
4/3/20,TN,3032,36,6829174,0.04
4/4/20,TN,3265,47,6829174,0.05
4/5/20,TN,3538,50,6829174,0.05
4/6/20,TN,3753,65,6829174,0.05
4/7/20,TN,4010,72,6829174,0.06
4/8/20,TN,4246,83,6829174,0.06
4/9/20,TN,4456,95,6829174,0.07
4/10/20,TN,4793,104,6829174,0.07
4/11/20,TN,4983,107,6829174,0.07
4/12/20,TN,5144,107,6829174,0.08
4/13/20,TN,5483,114,6829174,0.08
4/14/20,TN,5654,123,6829174,0.08
4/15/20,TN,5878,137,6829174,0.09
4/16/20,TN,6090,144,6829174,0.09
3/17/20,TX,106,1,28995881,0.00
3/18/20,TX,166,2,28995881,0.00
3/19/20,TX,248,4,28995881,0.00
3/20/20,TX,377,5,28995881,0.00
3/21/20,TX,547,5,28995881,0.00
3/22/20,TX,632,7,28995881,0.00
3/23/20,TX,728,7,28995881,0.00
3/24/20,TX,857,11,28995881,0.00
3/25/20,TX,1119,12,28995881,0.00
3/26/20,TX,1543,21,28995881,0.01
3/27/20,TX,1942,23,28995881,0.01
3/28/20,TX,2161,29,28995881,0.01
3/29/20,TX,2712,35,28995881,0.01
3/30/20,TX,3043,46,28995881,0.01
3/31/20,TX,3576,57,28995881,0.01
4/1/20,TX,4261,63,28995881,0.01
4/2/20,TX,4880,79,28995881,0.02
4/3/20,TX,5669,97,28995881,0.02
4/4/20,TX,6566,124,28995881,0.02
4/5/20,TX,7094,137,28995881,0.02
4/6/20,TX,8115,160,28995881,0.03
4/7/20,TX,8974,178,28995881,0.03
4/8/20,TX,9900,195,28995881,0.03
4/9/20,TX,11372,228,28995881,0.04
4/10/20,TX,12288,247,28995881,0.04
4/11/20,TX,13206,266,28995881,0.05
4/12/20,TX,13774,289,28995881,0.05
4/13/20,TX,14488,320,28995881,0.05
4/14/20,TX,15304,365,28995881,0.05
4/15/20,TX,16104,395,28995881,0.06
4/16/20,TX,16927,431,28995881,0.06
3/17/20,UT,51,0,3205958,0.00
3/18/20,UT,65,0,3205958,0.00
3/19/20,UT,80,0,3205958,0.00
3/20/20,UT,112,0,3205958,0.00
3/21/20,UT,138,0,3205958,0.00
3/22/20,UT,182,1,3205958,0.01
3/23/20,UT,257,1,3205958,0.01
3/24/20,UT,298,1,3205958,0.01
3/25/20,UT,346,1,3205958,0.01
3/26/20,UT,402,1,3205958,0.01
3/27/20,UT,480,2,3205958,0.01
3/28/20,UT,608,2,3205958,0.02
3/29/20,UT,719,2,3205958,0.02
3/30/20,UT,806,4,3205958,0.03
3/31/20,UT,887,5,3205958,0.03
4/1/20,UT,1012,7,3205958,0.03
4/2/20,UT,1074,7,3205958,0.03
4/3/20,UT,1260,7,3205958,0.04
4/4/20,UT,1428,8,3205958,0.04
4/5/20,UT,1605,8,3205958,0.05
4/6/20,UT,1675,13,3205958,0.05
4/7/20,UT,1752,13,3205958,0.05
4/8/20,UT,1875,13,3205958,0.06
4/9/20,UT,1980,13,3205958,0.06
4/10/20,UT,2103,17,3205958,0.07
4/11/20,UT,2206,18,3205958,0.07
4/12/20,UT,2303,18,3205958,0.07
4/13/20,UT,2363,18,3205958,0.07
4/14/20,UT,2418,19,3205958,0.08
4/15/20,UT,2549,20,3205958,0.08
4/16/20,UT,2683,21,3205958,0.08
3/17/20,VT,14,0,623989,0.00
3/18/20,VT,19,0,623989,0.00
3/19/20,VT,22,2,623989,0.00
3/20/20,VT,29,2,623989,0.00
3/21/20,VT,49,2,623989,0.01
3/22/20,VT,52,2,623989,0.01
3/23/20,VT,75,2,623989,0.01
3/24/20,VT,95,7,623989,0.02
3/25/20,VT,123,8,623989,0.02
3/26/20,VT,158,9,623989,0.03
3/27/20,VT,184,10,623989,0.03
3/28/20,VT,211,12,623989,0.03
3/29/20,VT,235,12,623989,0.04
3/30/20,VT,256,12,623989,0.04
3/31/20,VT,293,13,623989,0.05
4/1/20,VT,321,16,623989,0.05
4/2/20,VT,338,17,623989,0.05
4/3/20,VT,389,17,623989,0.06
4/4/20,VT,461,20,623989,0.07
4/5/20,VT,512,22,623989,0.08
4/6/20,VT,543,23,623989,0.09
4/7/20,VT,575,23,623989,0.09
4/8/20,VT,605,23,623989,0.10
4/9/20,VT,628,23,623989,0.10
4/10/20,VT,679,24,623989,0.11
4/11/20,VT,711,25,623989,0.11
4/12/20,VT,727,27,623989,0.12
4/13/20,VT,748,28,623989,0.12
4/14/20,VT,752,29,623989,0.12
4/15/20,VT,759,30,623989,0.12
4/16/20,VT,768,35,623989,0.12
3/17/20,VA,67,2,8535519,0.00
3/18/20,VA,78,2,8535519,0.00
3/19/20,VA,94,2,8535519,0.00
3/20/20,VA,115,2,8535519,0.00
3/21/20,VA,152,3,8535519,0.00
3/22/20,VA,219,6,8535519,0.00
3/23/20,VA,254,6,8535519,0.00
3/24/20,VA,290,7,8535519,0.00
3/25/20,VA,391,9,8535519,0.00
3/26/20,VA,604,14,8535519,0.01
3/27/20,VA,606,14,8535519,0.01
3/28/20,VA,740,17,8535519,0.01
3/29/20,VA,890,22,8535519,0.01
3/30/20,VA,1021,26,8535519,0.01
3/31/20,VA,1250,27,8535519,0.01
4/1/20,VA,1511,34,8535519,0.02
4/2/20,VA,1706,41,8535519,0.02
4/3/20,VA,2012,46,8535519,0.02
4/4/20,VA,2407,52,8535519,0.03
4/5/20,VA,2637,52,8535519,0.03
4/6/20,VA,2878,54,8535519,0.03
4/7/20,VA,3333,69,8535519,0.04
4/8/20,VA,3645,75,8535519,0.04
4/9/20,VA,4042,109,8535519,0.05
4/10/20,VA,4509,121,8535519,0.05
4/11/20,VA,5077,130,8535519,0.06
4/12/20,VA,5274,141,8535519,0.06
4/13/20,VA,5747,149,8535519,0.07
4/14/20,VA,6171,154,8535519,0.07
4/15/20,VA,6500,195,8535519,0.08
4/16/20,VA,6889,208,8535519,0.08
3/17/20,WA,908,54,7614893,0.01
3/18/20,WA,1026,68,7614893,0.01
3/19/20,WA,1228,75,7614893,0.02
3/20/20,WA,1404,83,7614893,0.02
3/21/20,WA,1655,95,7614893,0.02
3/22/20,WA,1844,97,7614893,0.02
3/23/20,WA,2101,110,7614893,0.03
3/24/20,WA,2469,123,7614893,0.03
3/25/20,WA,2585,130,7614893,0.03
3/26/20,WA,3208,151,7614893,0.04
3/27/20,WA,3770,177,7614893,0.05
3/28/20,WA,4311,191,7614893,0.06
3/29/20,WA,4896,207,7614893,0.06
3/30/20,WA,5179,221,7614893,0.07
3/31/20,WA,5292,226,7614893,0.07
4/1/20,WA,5588,249,7614893,0.07
4/2/20,WA,6585,272,7614893,0.09
4/3/20,WA,6966,293,7614893,0.09
4/4/20,WA,7498,318,7614893,0.10
4/5/20,WA,7984,344,7614893,0.10
4/6/20,WA,8384,383,7614893,0.11
4/7/20,WA,8682,409,7614893,0.11
4/8/20,WA,9097,430,7614893,0.12
4/9/20,WA,9608,456,7614893,0.13
4/10/20,WA,9887,483,7614893,0.13
4/11/20,WA,10224,498,7614893,0.13
4/12/20,WA,10411,511,7614893,0.14
4/13/20,WA,10538,525,7614893,0.14
4/14/20,WA,10694,552,7614893,0.14
4/15/20,WA,10783,572,7614893,0.14
4/16/20,WA,11152,588,7614893,0.15
3/17/20,WV,1,0,1792147,0.00
3/18/20,WV,2,0,1792147,0.00
3/19/20,WV,5,0,1792147,0.00
3/20/20,WV,8,0,1792147,0.00
3/21/20,WV,12,0,1792147,0.00
3/22/20,WV,16,0,1792147,0.00
3/23/20,WV,16,0,1792147,0.00
3/24/20,WV,39,0,1792147,0.00
3/25/20,WV,51,0,1792147,0.00
3/26/20,WV,76,0,1792147,0.00
3/27/20,WV,96,0,1792147,0.01
3/28/20,WV,113,0,1792147,0.01
3/29/20,WV,124,1,1792147,0.01
3/30/20,WV,145,1,1792147,0.01
3/31/20,WV,162,1,1792147,0.01
4/1/20,WV,191,2,1792147,0.01
4/2/20,WV,217,2,1792147,0.01
4/3/20,WV,242,2,1792147,0.01
4/4/20,WV,282,2,1792147,0.02
4/5/20,WV,324,3,1792147,0.02
4/6/20,WV,345,4,1792147,0.02
4/7/20,WV,412,4,1792147,0.02
4/8/20,WV,483,4,1792147,0.03
4/9/20,WV,524,5,1792147,0.03
4/10/20,WV,537,5,1792147,0.03
4/11/20,WV,593,6,1792147,0.03
4/12/20,WV,615,8,1792147,0.03
4/13/20,WV,638,9,1792147,0.04
4/14/20,WV,697,10,1792147,0.04
4/15/20,WV,725,12,1792147,0.04
4/16/20,WV,739,13,1792147,0.04
3/17/20,WI,72,0,5822434,0.00
3/18/20,WI,106,0,5822434,0.00
3/19/20,WI,155,2,5822434,0.00
3/20/20,WI,216,3,5822434,0.00
3/21/20,WI,281,4,5822434,0.00
3/22/20,WI,382,4,5822434,0.01
3/23/20,WI,418,5,5822434,0.01
3/24/20,WI,481,5,5822434,0.01
3/25/20,WI,623,7,5822434,0.01
3/26/20,WI,754,10,5822434,0.01
3/27/20,WI,930,16,5822434,0.02
3/28/20,WI,1042,17,5822434,0.02
3/29/20,WI,1120,17,5822434,0.02
3/30/20,WI,1267,20,5822434,0.02
3/31/20,WI,1351,25,5822434,0.02
4/1/20,WI,1550,33,5822434,0.03
4/2/20,WI,1730,37,5822434,0.03
4/3/20,WI,1916,49,5822434,0.03
4/4/20,WI,2112,60,5822434,0.04
4/5/20,WI,2267,73,5822434,0.04
4/6/20,WI,2440,83,5822434,0.04
4/7/20,WI,2578,94,5822434,0.04
4/8/20,WI,2756,107,5822434,0.05
4/9/20,WI,2885,116,5822434,0.05
4/10/20,WI,3068,131,5822434,0.05
4/11/20,WI,3213,141,5822434,0.06
4/12/20,WI,3341,145,5822434,0.06
4/13/20,WI,3428,155,5822434,0.06
4/14/20,WI,3555,172,5822434,0.06
4/15/20,WI,3721,184,5822434,0.06
4/16/20,WI,3875,197,5822434,0.07
3/17/20,WY,15,0,578759,0.00
3/18/20,WY,17,0,578759,0.00
3/19/20,WY,18,0,578759,0.00
3/20/20,WY,22,0,578759,0.00
3/21/20,WY,24,0,578759,0.00
3/22/20,WY,26,0,578759,0.00
3/23/20,WY,28,0,578759,0.00
3/24/20,WY,37,0,578759,0.01
3/25/20,WY,49,0,578759,0.01
3/26/20,WY,56,0,578759,0.01
3/27/20,WY,73,0,578759,0.01
3/28/20,WY,84,0,578759,0.01
3/29/20,WY,87,0,578759,0.02
3/30/20,WY,95,0,578759,0.02
3/31/20,WY,120,0,578759,0.02
4/1/20,WY,137,0,578759,0.02
4/2/20,WY,153,0,578759,0.03
4/3/20,WY,166,0,578759,0.03
4/4/20,WY,187,0,578759,0.03
4/5/20,WY,200,0,578759,0.03
4/6/20,WY,212,0,578759,0.04
4/7/20,WY,221,0,578759,0.04
4/8/20,WY,230,0,578759,0.04
4/9/20,WY,239,0,578759,0.04
4/10/20,WY,253,0,578759,0.04
4/11/20,WY,261,0,578759,0.05
4/12/20,WY,270,0,578759,0.05
4/13/20,WY,275,1,578759,0.05
4/14/20,WY,282,1,578759,0.05
4/15/20,WY,288,2,578759,0.05
4/16/20,WY,296,2,578759,0.05